BUA22CD,BUA22NM,RGN22CD,RGN22NM,bua_01_pop,bua_11_pop,bua_21_pop,geographic_constraint,bua_perm_rate_01_11,bua_perm_rate_01_21
LON999999,Greater London,E12000007,London,7522269,8443297,8808271,1.0335786928104034,0.007898335788148008,0.017155633851155015
E63002904,Birmingham,E12000005,West Midlands,1010754,1084964,1123562,1.0349714782975918,0.0029931347889650007,0.005194685275225388
E63000784,Leeds,E12000003,Yorkshire and The Humber,486311,502563,537067,1.0673965562240262,0.0053385303820718336,0.008831292280980533
E63001374,Liverpool,E12000002,North West,480792,494997,506863,1.026167265264238,0.004767267567244839,0.008495030958557304
E63001424,Sheffield,E12000003,Yorkshire and The Humber,479958,501771,505453,1.1040524800091467,0.005475060755279743,0.009979932716736811
E63001295,Manchester,E12000002,North West,373957,445954,469173,1.0566742345477307,0.004302944335573461,0.007730407600248912
E63005057,Bristol,E12000009,South West,362393,395796,428579,1.0495921584755639,0.016692516735194753,0.027779202338981207
E63002622,Leicester,E12000004,East Midlands,334751,379933,405806,1.0367001181464548,0.006691101112665771,0.011280236574181837
E63003006,Coventry,E12000005,West Midlands,315278,332783,347816,1.0510782613198022,0.0025351328445989228,0.0055655753990260315
E63000803,Bradford,E12000003,Yorkshire and The Humber,282904,317955,333809,1.0462822675166519,0.009125883998476343,0.015612251897013107
E63001992,Nottingham,E12000004,East Midlands,259331,285726,298618,1.0348220804367838,0.003314891094290807,0.007917995228678337
E63000077,Newcastle upon Tyne,E12000001,North East,262736,277751,287446,1.0354646647683148,0.0032468065910786054,0.006874221079620221
E63002078,Derby,E12000004,East Midlands,240916,264498,278777,1.0380600527411876,0.0061644099649888215,0.010968262648144277
E63006520,Brighton and Hove,E12000008,South East,249547,273369,277091,1.0424168909442402,0.00811471430190219,0.015135444897918305
E63006926,Plymouth,E12000009,South West,251822,266820,272002,1.1244152036998614,0.006616369325251208,0.010591576984935808
E63000825,Kingston upon Hull,E12000003,Yorkshire and The Humber,258850,267704,271605,1.0294321267104527,0.0025398518980982365,0.004513483036848629
E63001958,Stoke-on-Trent,E12000005,West Midlands,250230,258953,262477,1.0638570586274962,0.0036980017302844863,0.007058082556460747
E63006382,Southampton,E12000008,South East,226875,242175,248925,1.0642320025765617,0.007885414509802428,0.012628123292668506
E63003390,Northampton,E12000004,East Midlands,211610,224530,246018,1.074777040932998,0.003671243852713271,0.007167731079227276
E63002713,Wolverhampton,E12000005,West Midlands,220058,230779,235357,1.0416149992559893,0.003657280496816666,0.007316383445574834
E63004145,Luton,E12000006,East of England,197762,217538,234568,1.031598660508816,0.004770139452426464,0.008248661823772135
E63006574,Portsmouth,E12000008,South East,203777,220265,223316,1.04908962333797,0.007929058069254367,0.0107350452075757
E63005074,Reading,E12000008,South East,183725,191621,205932,1.068055432959661,0.007941801565174095,0.012894295734028404
E63002507,Norwich,E12000006,East of England,183416,192980,204156,1.0756859702334767,0.007960902269890904,0.015716118045266743
E63003858,Milton Keynes,E12000008,South East,176848,194553,204044,1.110383509381317,0.0035725348800525795,0.006973044004402739
E63006699,Bournemouth,E12000009,South West,171180,190506,196593,1.0538576737478507,0,0.0026690503708001524
E63002720,Peterborough,E12000006,East of England,161654,176717,193360,1.1022657685241888,0.0082584255000918,0.012651289073526124
E63001109,Bolton (Bolton),E12000002,North West,160876,171053,186036,1.0974048407746864,0.005331050681629629,0.00980654758054409
E63004848,Swindon (Swindon),E12000009,South West,164324,174530,184555,1.060885164003202,0.004230587095002502,0.007142240137320904
E63004820,Southend-on-Sea,E12000006,East of England,163045,176683,182182,1.027342387769913,0.006287606580455019,0.012145806865058922
E63001400,Warrington,E12000002,North West,171188,177975,178885,1.1086148201198873,0.004205154654292409,0.007521333621572884
E63004458,Oxford,E12000008,South East,145204,163198,171135,1.0787486515641855,0.011424122257056801,0.018869767401854066
E63004918,Slough,E12000008,South East,138359,157098,170168,1.0456765297328354,0.004479880936249761,0.008600203900684151
E63000125,Sunderland,E12000001,North East,176338,172880,168759,1.0567759915457922,0.0036745323773960245,0.00652388186006012
E63002505,Telford,E12000005,West Midlands,148533,156584,162424,1.1552627364857135,0.008564073937969732,0.017062408299304662
E63005018,Kingswood and Fishponds,E12000009,South West,141405,149783,158801,1.0455070709294008,0.010422298113546388,0.019447501892697536
E63003736,Ipswich,E12000006,East of England,134796,145744,152060,1.0484425554941772,0.007201029970193175,0.01109677381658762
E63000792,Blackpool,E12000002,North West,151123,150618,151637,1.0236567064869124,0.00331804964185606,0.005720542098201207
E63003443,Cambridge (Cambridge),E12000006,East of England,131618,146087,150544,1.0384748522416953,0.007291192616644401,0.01595675457962156
E63000324,Middlesbrough,E12000001,North East,146806,150099,149831,1.0551009641826896,0.003507888893341119,0.006345309122034083
E63001017,Huddersfield,E12000003,Yorkshire and The Humber,128765,142654,145162,1.1500401176785238,0.012600202734300325,0.021900536085439327
E63000615,York,E12000003,Yorkshire and The Humber,126776,141281,144095,1.0478871816884872,0.00863656555166806,0.015387109551146812
E63006720,Poole,E12000009,South West,131678,139891,142673,1.1118973011220055,0,0.0026690503708001524
E63004104,Colchester,E12000006,East of England,120539,133021,133094,1.067093504068294,0.009575396860759835,0.016077343898484673
E63004690,Watford (Watford),E12000006,East of England,110542,123296,130954,1.0738768425078702,0.007930907546012892,0.014400231647764236
E63000869,Blackburn (Blackburn with Darwen),E12000002,North West,113324,122702,129465,1.0728991474801368,0.004192045782865496,0.007668868670727935
E63006718,Exeter,E12000009,South West,114672,120550,125374,1.080165820050213,0.0064793319076343,0.012233178775417654
E63005907,Crawley (Crawley),E12000008,South East,107118,113033,122963,1.1327594019030358,0.00273025906458899,0.005005116442496768
E63001378,Stockport,E12000002,North West,114447,114511,119591,1.04826198163445,0.004427645473664914,0.008344274157483917
E63005538,Basingstoke,E12000008,South East,107465,112443,119377,1.1019366914728215,0.009082413371540794,0.016726678502252852
E63004269,Gloucester,E12000009,South West,107880,114117,117176,1.0335990485225197,0.007039198391877778,0.011426993526459518
E63004799,Basildon,E12000006,East of England,102802,108301,116197,1.0991142432275167,0.005705422783263333,0.010419372512619303
E63004173,Cheltenham,E12000009,South West,109743,115825,116157,1.0291453976617817,0.009253650018612683,0.017023974879102347
E63000111,Gateshead,E12000001,North East,113488,120465,115153,1.0529910638055666,0.005423921366941141,0.008885445080008183
E63005466,Maidstone,E12000008,South East,92950,104203,112516,1.0792762103914062,0.010839131293285459,0.02171926812740302
E63001069,Rochdale,E12000002,North West,101755,107658,112312,1.1070047856668426,0.005400950601489601,0.008635718687789102
E63001192,Oldham,E12000002,North West,92606,98075,111480,1.096988954456045,0.004950802159387625,0.00811419559825765
E63006549,Worthing,E12000008,South East,101445,108804,111307,1.0318821226422252,0.006269410497661509,0.011326340663228103
E63005204,Gillingham (Medway),E12000008,South East,106156,111700,111114,1.063993831919815,0.00662374971312742,0.011749861397687165
E63004442,Chelmsford,E12000006,East of England,102261,107743,110649,1.0430014602020443,0.008298171890482132,0.01697595993606852
E63001274,Salford,E12000002,North West,90753,97757,110528,1.0625379477838495,0.004582551743591308,0.00779749162614756
E63003011,Solihull,E12000005,West Midlands,102405,107139,110226,1.0513324496046077,0.005124911847577335,0.009936965704459544
E63001403,Birkenhead,E12000002,North West,105197,109904,109781,1.042830540037244,0.004893777331483672,0.009268565915386448
E63001325,St Helens (St. Helens),E12000002,North West,105373,104480,107037,1.1023817656740056,0.004121213149163599,0.008231377469509065
E63003490,Worcester,E12000005,West Midlands,97284,101647,106254,1.068411190374437,0.005688403395295655,0.011070454109242508
E63001650,Lincoln,E12000004,East Midlands,88985,97182,103811,1.1065823205031262,0.008226112740503857,0.014036085809958085
E63002828,West Bromwich,E12000005,West Midlands,87193,93599,103105,1.0882847105544524,0.004118700482035922,0.0072077258435628636
E63001394,Wythenshawe,E12000002,North West,85263,93786,99898,1.0718318755143836,0.004174905067390254,0.008291208168466756
E63006602,Eastbourne,E12000008,South East,89649,96496,98779,1.0610856003366202,0.008650557539145082,0.01415053655026611
E63000971,Wakefield,E12000003,Yorkshire and The Humber,87055,90039,98599,1.068868289626449,0.008670039325312613,0.014252925362290699
E63003597,Bedford,E12000006,East of England,89831,94163,98259,1.0480959590078025,0.0014886566901173176,0.007689392016291467
E63001029,Southport,E12000002,North West,95608,95756,97604,1.1006586754260754,0.004690811890489073,0.00828929669334375
E63000830,Preston (Preston),E12000002,North West,85734,95149,96277,1.0635122024031645,0.00591361318011743,0.014923044187691508
E63004449,Hemel Hempstead,E12000006,East of England,86266,89873,95561,1.0528417651436766,0.010427183390807226,0.020748255688763633
E63004113,Stevenage,E12000006,East of England,87706,92539,95484,1.0733783658739706,0.0044432287320431895,0.008512420778925557
E63005227,Bath,E12000009,South West,85271,90233,95064,1.0792705619650167,0.00837458388193906,0.019093584700186964
E63000339,Darlington,E12000001,North East,91688,96279,94186,1.0593220338983051,0.004987108338007907,0.008992502436250478
E63002760,Royal Sutton Coldfield,E12000005,West Midlands,87067,92727,94120,1.0256410256410258,0.0027917257619371715,0.004767573569006531
E63000900,Halifax,E12000003,Yorkshire and The Humber,87145,92290,94084,1.1130514882266018,0.01692795608841231,0.026034998597988787
E63004408,Harlow,E12000006,East of England,83838,87389,93331,1.086386453884768,0.002111225024647121,0.004055460499322153
E63006439,Hastings,E12000008,South East,86550,91943,92802,1.1267605633802817,0.012294678263528433,0.02182523615009313
E63002833,Nuneaton,E12000005,West Midlands,83663,86679,89442,1.0507552303217937,0.004448099800964288,0.009132861246656854
E63004347,Aylesbury,E12000008,South East,80114,82793,87674,1.0391475211608223,0,0.0018573596097536495
E63000242,Hartlepool,E12000001,North East,87286,87835,87553,1.0431879824744419,0.004642063078997281,0.01015108356518318
K08000001,Chester,E12000002,North West,84085,87685,87366,1.063264221158958,0.0013386760747776583,0.010161360003849203
E63001229,Doncaster,E12000003,Yorkshire and The Humber,79790,88105,86536,1.0768266896389695,0.00839395724778458,0.014525785411014689
E63001128,Grimsby,E12000003,Yorkshire and The Humber,89356,90157,86149,1.0279313767191265,0.005153863957969815,0.010572502288929716
E63001362,Wallasey,E12000002,North West,84348,86488,85580,1.0234853330896463,0.004893777331483672,0.009268565915386448
E63005323,Weston-super-Mare,E12000009,South West,82622,82592,85361,1.0856921287320667,0.009620351279812448,0.017313719987432395
E63000311,Stockton-on-Tees,E12000001,North East,84198,87173,84830,1.069243411282498,0.005516270289342337,0.008682725345593287
E63004735,High Wycombe,E12000008,South East,72195,79773,84787,1.1110082399777799,0,0.0018573596097536495
E63005776,Ashford (Ashford),E12000008,South East,72811,77920,84512,1.100233518950961,0.0106575779463637,0.023603272627334467
E63003268,Redditch,E12000005,West Midlands,78643,83825,83674,1.1581141690004422,0.004938127942179059,0.008095090333074628
E63001098,Bury (Bury),E12000002,North West,75334,77947,82461,1.1040452216922805,0.004196934798015591,0.007375088589652728
E63001177,Wigan,E12000002,North West,76400,80260,81908,1.1252316653428647,0.005938656005839126,0.009817029676691605
E63001112,Scunthorpe,E12000003,Yorkshire and The Humber,76585,82683,81775,1.069227221267139,0.01570425391185923,0.027135980020939348
E63003068,Rugby,E12000005,West Midlands,70315,76501,79968,1.0703955908811404,0.00925957070680688,0.019359123814978313
E63000133,Carlisle,E12000002,North West,75845,81444,79724,1.0522136192177884,0.01338868099526434,0.025713631796863676
E63000800,Burnley,E12000002,North West,74967,72615,79571,1.108278842956888,0.004098635277300038,0.006499743137298698
E63005145,Bracknell,E12000008,South East,76179,77846,78972,1.1102645041907042,0.004946527182595741,0.010892352785917894
E63001616,Chesterfield,E12000004,East Midlands,76654,79259,78863,1.0944985957376507,0.006958444140311336,0.01265321463129983
E63005577,Guildford,E12000008,South East,66777,73575,78049,1.0987861029719548,0.011418570404237438,0.022482478932313553
E63005212,Chatham,E12000008,South East,73206,75434,77564,1.1015743333180337,0.006956775394785838,0.012515545715522935
E63002444,Shrewsbury,E12000005,West Midlands,71980,76929,76818,1.0878118779799102,0.004540122454945579,0.024219035214205105
E63004441,St Albans,E12000006,East of England,66530,73368,76803,1.052933856609553,0.011448527214200728,0.02454016531097113
E63002256,Burton upon Trent,E12000005,West Midlands,63160,68525,76721,1.0646463145906062,0.013557500507689335,0.025524020034274737
E63000601,Harrogate,E12000003,Yorkshire and The Humber,72729,76075,76394,1.0602910602910602,0.018221873179561754,0.03597178342767089
E63001908,Newcastle-under-Lyme,E12000005,West Midlands,73944,75125,76213,1.0770177598030597,0.007530935015979677,0.015553552405146276
E63002644,Tamworth,E12000005,West Midlands,72966,73987,75991,1.0826097523254017,0.004198395720862997,0.008159146400922428
E63005413,Woking,E12000008,South East,66387,73998,75851,1.1054769171613275,0.00839656987397936,0.013846214579284675
E63002259,Stafford,E12000005,West Midlands,68329,74862,75310,1.094570928196147,0.014656814523569808,0.02354074069336127
E63001804,Crewe,E12000002,North West,68494,73323,74646,1.0352878981452927,0.0023373630724235783,0.014032526159800126
E63000087,South Shields,E12000001,North East,79512,76776,73376,1.0295460284776317,0.001446881940432897,0.002880787361220656
E63001160,Barnsley,E12000003,Yorkshire and The Humber,65619,69424,72593,1.0944539183995519,0.011613694659183845,0.017615463483836233
E63001350,Rotherham,E12000003,Yorkshire and The Humber,70235,72125,72519,1.1047553580634866,0.006660949150020182,0.01068886428309121
E63002734,Walsall,E12000005,West Midlands,61054,69595,71575,1.0502318194625888,0.004696489768758516,0.008367085177730079
E63006613,Gosport,E12000008,South East,73052,74954,70835,1.0477697472522773,0.005199090428806327,0.008016271986740918
E63002827,Lowestoft,E12000006,East of England,67091,69011,70814,1.0686297791498456,0,0.002787686359124856
E63005030,Dartford,E12000008,South East,58511,65048,70078,1.1037832169761859,0.004932366500085822,0.009088061792591669
E63006618,Bognor Regis,E12000008,South East,64328,66839,69379,1.0400158478605388,0.011510546771143576,0.01916187232164135
E63004922,Maidenhead,E12000008,South East,59384,64088,69341,1.0760401721664274,0.010878899520371523,0.022694737755416194
E63006916,Paignton,E12000009,South West,65358,65738,68621,1.1051894785961638,0.015560513306872012,0.021763640043622152
E63002876,Corby,E12000004,East Midlands,58627,59930,67667,1.119256813475852,0.004918036429223089,0.0080700872732227
E63005132,Rochester,E12000008,South East,60510,65661,67549,1.0564238697618984,0.006591107564510998,0.0116937751542533
E63001554,Ellesmere Port,E12000002,North West,65430,64126,66646,1.0486821560905129,0.0013386760747776583,0.010161360003849203
E63002317,Loughborough,E12000004,East Midlands,58606,63486,65626,1.066159520516367,0.011794130687680216,0.019677907885327417
E63002477,Cannock,E12000005,West Midlands,61495,64602,65509,1.1004348059477158,0.007736478613234002,0.01253589005759024
E63002862,Dudley (Dudley),E12000005,West Midlands,58957,62645,64905,1.1051973358927376,0.00504541305717219,0.00906095107305424
E63000970,Dewsbury,E12000003,Yorkshire and The Humber,56735,62016,64397,1.086801086801087,0.012600202734300327,0.021900536085439327
E63005125,Margate,E12000008,South East,57820,61403,63608,1.0257240802224201,0.013994895331031388,0.02498313540821993
E63001481,Runcorn,E12000002,North West,61978,63763,63232,1.1818335303055885,0.003813268988802664,0.007132070130705643
E63003016,Kettering,E12000004,East Midlands,52038,57273,62844,1.0525366132379033,0.004918036429223089,0.008070087273222698
E63001740,Mansfield,E12000004,East Midlands,56458,59008,62841,1.0703019378098242,0.0076310633219660385,0.012996348202577121
E63006154,Taunton,E12000009,South West,55130,58713,62316,1.0272071071626874,0,0.0018162178520872046
E63001363,Sale,E12000002,North West,56823,59925,61867,1.0550929622447816,0.004426617606122274,0.00959652822204262
E63003830,Hereford,E12000005,West Midlands,57971,62126,61451,1.0497527556009834,0.02156662673515195,0.04523124879728942
E63001425,Widnes,E12000002,North West,52898,58091,60266,1.0405517897490784,0.0038132689888026646,0.007132070130705643
E63001367,Huyton with Roby,E12000002,North West,61292,57170,60128,1.0545670866908226,0.0037354365626942527,0.006269493703643255
E63000073,Tynemouth,E12000001,North East,57680,60309,59942,1.0424184107128538,0.0023776119922566045,0.005913547775612579
E63002941,Halesowen,E12000005,West Midlands,55591,57897,59862,1.0880112917928662,0.005045413057172189,0.00906095107305424
E63005058,Gravesend,E12000008,South East,53242,56784,59797,1.0271158586688578,0.009109636158536712,0.014231889486737492
E63005482,Farnborough,E12000008,South East,57147,57486,59577,1.0933483053101267,0.005730263131211468,0.011322830475536155
E63000425,Scarborough,E12000003,Yorkshire and The Humber,56889,59532,59345,1.0700608245100247,0.010300404278778265,0.01847302551405304
E63002889,Smethwick,E12000005,West Midlands,47066,53967,58997,1.0216787458893393,0.004118700482035922,0.0072077258435628636
E63001464,Bebington,E12000002,North West,58014,59229,58469,1.074964639321075,0.004893777331483673,0.009268565915386448
E63002944,Stourbridge,E12000005,West Midlands,56256,57187,58064,1.0536507574894634,0.005045413057172189,0.00906095107305424
E63003049,Kidderminster,E12000005,West Midlands,57302,57375,57400,1.1095621497055392,0.008699542340441922,0.0148886160431827
E63004713,Brentwood,E12000006,East of England,52849,56597,56989,1.0977292685986701,0.0074302514260743725,0.01913466652962391
E63000521,Barrow-in-Furness,E12000002,North West,59181,56745,55503,1.0951103323659859,0.006487913309252569,0.009627674353987219
E63005410,Canterbury,E12000008,South East,47961,55212,55420,1.0869959056487555,0.014004039965730382,0.025355745033164945
E63001310,Bootle (Sefton),E12000002,North West,57093,52065,55196,1.0338166879778001,0.004527465629717853,0.007924814259127463
E63005238,Sittingbourne,E12000008,South East,50017,55505,55141,1.0784666165560965,0.009682237758073288,0.017005002750180766
E63006804,Weymouth,E12000009,South West,52362,53830,54945,1.0927468925010244,0,0.0037283241703914257
E63003230,Wellingborough,E12000004,East Midlands,49368,51568,54719,1.0697960903815606,0.004918036429223089,0.008070087273222698
E63001982,Carlton (Gedling),E12000004,East Midlands,51715,52572,53917,1.037135202097318,0.009571774893323911,0.01643303783087479
E63004300,Clacton-on-Sea,E12000006,East of England,51284,50548,53219,1.023410515543047,0.011209839828495946,0.025039880466872146
E63001591,Macclesfield,E12000002,North West,51061,53197,53156,1.074278698588091,0.0023373630724235787,0.014032526159800128
E63000560,Lancaster,E12000002,North West,47819,48850,53148,1.0741138560687433,0.003849465537069461,0.009420858998275359
E63002057,Beeston (Broxtowe),E12000004,East Midlands,50638,52005,52891,1.0655301012253595,0.005243097517895324,0.010486195035790648
E63003818,Banbury,E12000008,South East,46874,49610,52736,1.0470207500475919,0.010743106518032742,0.022351932914104925
E63006890,Torquay,E12000009,South West,48608,50553,52628,1.108759197661526,0.015560513306872012,0.021763640043622152
E63005914,Folkestone,E12000008,South East,46051,51337,52276,1.1066920283589832,0.012866091200813614,0.021691760422624697
E63002672,Bloxwich,E12000005,West Midlands,48441,48658,51935,1.0541480726659405,0.004696489768758515,0.008367085177730079
E63000124,Washington,E12000001,North East,55382,54284,51877,1.1182719755157295,0.003674532377396024,0.00652388186006012
E63004349,Welwyn Garden City,E12000006,East of England,47054,50584,51386,1.1039050641644819,0.005525616783362133,0.011958001449122155
E63002884,Kingswinford,E12000005,West Midlands,50899,50404,51375,1.0902327967677805,0.005045413057172189,0.00906095107305424
E63004808,Thundersley and South Benfleet,E12000006,East of England,49129,49841,51260,1.144410271082183,0.006604470718640311,0.01322048771476076
E63005846,Royal Tunbridge Wells,E12000008,South East,43216,50810,51196,1.1121703209405784,0.010106153924087776,0.02573167628129317
E63005181,Wokingham,E12000008,South East,43563,44139,51145,1.1244377811094453,0.008577548137075895,0.014293835667380107
E63006272,Eastleigh,E12000008,South East,44435,49172,50785,1.119012381330542,0.007778913482757172,0.012675244203114767
E63000190,Durham,E12000001,North East,46241,49922,50729,1.165752774059842,0.0016529757496477075,0.007614007144535719
E63002801,Hinckley,E12000004,East Midlands,44560,46660,50715,1.0296540362438222,0.010988844015765165,0.02222123510634782
E63006026,Horsham,E12000008,South East,47792,51162,50687,1.0823242914158155,0.011842284730627298,0.022465732023921926
E63000713,Keighley,E12000003,Yorkshire and The Humber,45084,49404,50540,1.0989413531631196,0.009149091885402022,0.01565380379840801
E63001273,Crosby (Sefton),E12000002,North West,51940,50307,50506,1.0626024652377193,0.004527465629717853,0.007924814259127463
E63006342,Yeovil,E12000009,South West,46163,50202,50246,1.0323912762937153,0.01729767101218864,0.03516956534406575
E63006696,"Christchurch (Bournemouth, Christchurch and Poole)",E12000009,South West,46191,49177,50137,1.1135457451776285,0,0.0026690503708001524
E63006064,Winchester,E12000008,South East,42864,46580,49974,1.1063212909624995,0.013178334278835815,0.022614672404421957
E63002699,Willenhall,E12000005,West Midlands,45240,47909,49925,1.0666287420891702,0.004696489768758515,0.008367085177730079
E63003278,Royal Leamington Spa,E12000005,West Midlands,46048,48725,49474,1.0363387156085984,0.006800719635546589,0.014533672749224284
E63005912,Bridgwater,E12000009,South West,44167,46845,49431,1.041268959772309,0.01482156722757934,0.02733698151240595
E63001395,Altrincham,E12000002,North West,40376,46138,49332,1.0347999386785223,0.004426617606122275,0.00959652822204262
E63001268,Ashton-under-Lyne,E12000002,North West,44566,46673,48914,1.0833022039596563,0.004970043745837745,0.008650865617755172
E63002284,King's Lynn,E12000006,East of England,41864,47064,48815,1.1196911196911197,0.028836241003775808,0.05054890468448447
E63005681,Andover,E12000008,South East,45450,49254,48085,1.1001100110011002,0.011986055794205306,0.02143644498318921
E63005203,West Molesey,E12000008,South East,42321,45607,47902,1.1054086063955784,0.023002616449931096,0.04077773563938227
E63006507,Havant,E12000008,South East,44445,46775,47635,1.1170768620950597,0.006523235590578465,0.012341486084779309
E63006038,Salisbury,E12000009,South West,43750,44553,47453,1.084233745840655,0.002522998577634613,0.011747306413360475
E63001284,Kirkby,E12000002,North West,43184,44647,47175,1.063049853372434,0.003786974208079959,0.0063772060684290695
E63001168,Middleton (Rochdale),E12000002,North West,42907,43316,46303,1.0851262862488307,0.005400950601489601,0.0086357186877891
E63002812,Tipton,E12000005,West Midlands,38482,42953,46218,1.0676741130091985,0.004118700482035922,0.0072077258435628636
E63001260,Leigh (Wigan),E12000002,North West,41618,43834,46087,1.1422976501305482,0.005938656005839126,0.009817029676691605
E63000076,Wallsend,E12000001,North East,42842,44137,45974,1.037455729259829,0.0023776119922566045,0.00591354777561258
E63000910,Castleford,E12000003,Yorkshire and The Humber,42306,44230,45602,1.1041009463722398,0.008670039325312613,0.014252925362290699
E63001952,Boston,E12000004,East Midlands,39538,45329,45240,1.0545956031475623,0.016193754001569964,0.02645928782055899
E63002880,Oldbury (Sandwell),E12000005,West Midlands,39316,41711,45010,1.037344398340249,0.004118700482035922,0.007207725843562863
E63004955,Grays,E12000006,East of England,38085,40594,44766,1.0649173624126769,0.003275963985859901,0.006346351284348027
E63002069,Grantham,E12000004,East Midlands,39610,43061,44616,1.0538230357909526,0.017690976262483706,0.027838397711743842
E63006492,Bexhill-on-Sea,E12000008,South East,40495,43107,44558,1.0878433505575198,0.020449969565013812,0.033513602097672894
E63003960,Bletchley,E12000008,South East,38267,40778,44500,1.0647812939222283,0.003572534880052579,0.006973044004402738
E63004136,Braintree,E12000006,East of England,38693,43680,44152,1.0625637538252295,0.010114735935976943,0.02019936849119205
E63005385,Trowbridge,E12000009,South West,37225,43599,43993,1.0470765622382308,0.002522998577634613,0.011747306413360475
E63006170,Haywards Heath,E12000008,South East,37166,40167,43787,1.1284643856639884,0.010349193215484411,0.022080941589398044
E63001321,Urmston,E12000002,North West,42489,43287,43579,1.072468208978091,0.004426617606122275,0.00959652822204262
E63004105,Leighton Buzzard,E12000006,East of England,41039,43302,43547,1.0744720266765468,0.001809675417076517,0.011820158420398517
E63004542,Cheshunt,E12000006,East of England,39555,41508,43424,1.0603156478120794,0.00578327154473856,0.012147103167327323
E63001365,Prescot,E12000002,North West,42798,41564,43245,1.0513273007171553,0.0038886994161749988,0.007048918673172965
E63000916,Batley,E12000003,Yorkshire and The Humber,41042,42432,43112,1.0927192520943785,0.012600202734300325,0.021900536085439327
E63000855,Lytham St Anne's,E12000002,North West,40025,42294,42648,1.1171893058016795,0.007238756026605843,0.015023833262766845
E63001506,Worksop,E12000004,East Midlands,38869,41282,42319,1.0955782461983434,0.015457744190580524,0.026477769628549946
E63005168,Newbury,E12000008,South East,37226,40593,42304,1.1082693947144076,0.014592769525141899,0.025328300525153866
E63005214,Ramsgate,E12000008,South East,37967,40408,41902,1.0271580590821316,0.013994895331031387,0.024983135408219927
E63003313,Bury St Edmunds,E12000006,East of England,40158,42586,41690,1.0880998150230314,0,0.002415893288787908
E63004421,Hatfield,E12000006,East of England,34521,37842,41586,1.0747735298633503,0.0055256167833621335,0.011958001449122155
E63000893,Bamber Bridge,E12000002,North West,38940,41060,41577,1.1204033452042734,0.008204453555864308,0.01541839712212319
E63004191,Bishop's Stortford,E12000006,East of England,37680,40367,41239,1.0580288109383902,0.009790389724249707,0.02025623469103673
E63006527,Fareham,E12000008,South East,40056,41291,41086,1.08881630113548,0.009798382988969874,0.015355121924113469
E63000947,Leyland,E12000002,North West,38349,39424,40565,1.0689222475252127,0.008330774289509903,0.015113772333521217
E63001927,Arnold,E12000004,East Midlands,39187,39429,40526,1.0316762829085628,0.009307714251438401,0.01607367561680172
E63001008,Chorley,E12000002,North West,36012,39080,40353,1.0887058600776294,0.007483144298796474,0.017157847753936348
E63005571,Aldershot,E12000008,South East,37264,39998,40165,1.0763255182741354,0.005730263131211468,0.011322830475536153
E63001281,Eccles (Salford),E12000002,North West,34599,35605,39904,1.0855307793206388,0.004582551743591308,0.007797491626147562
E63000050,Blyth (Northumberland),E12000001,North East,39672,41478,39720,1.0518343991921912,0.0020844539386084804,0.012516681214160158
E63004665,Borehamwood,E12000006,East of England,33246,36930,39675,1.0379806558150508,0.0064530718065696005,0.018785840703454636
E63001997,Ilkeston,E12000004,East Midlands,37550,38640,39384,1.1014615547553483,0.008165378432138349,0.015122753158520966
E63004427,Hoddesdon,E12000006,East of England,35471,38881,39344,1.1436527273631345,0.00578327154473856,0.012147103167327322
E63005781,Dover,E12000008,South East,35017,37928,38950,1.2026143790849673,0.0093836631938256,0.020305024403618675
E63000288,Redcar,E12000001,North East,37865,38383,38930,1.0410593820271508,0.003679958600465745,0.007050858177845499
E63001323,Denton (Tameside),E12000002,North West,38609,38615,38751,1.1132519803040033,0.0049188825825392255,0.008580273885520823
E63004154,Bicester,E12000008,South East,35850,38464,38552,1.0559197500989925,0.010743106518032742,0.022351932914104925
E63005505,Fleet,E12000008,South East,35959,37632,38490,1.227517745636975,0.007001173442887074,0.014367914486431226
E63004875,Canvey Island,E12000006,East of England,37479,38170,38328,1.0794007167220758,0.006604470718640311,0.013220487714760762
E63005293,"New Haw, West Byfleet and Sheerwater",E12000008,South East,35283,36565,38125,1.190605043835913,0.012076199275813632,0.023504135882205294
E63002115,Long Eaton,E12000004,East Midlands,37055,37760,38075,1.0951403148528405,0.008165378432138349,0.015122753158520966
E63001754,Sutton in Ashfield,E12000004,East Midlands,34067,37141,37773,1.0608856088560885,0.010658910984192924,0.017106464485651663
E63001167,Skelmersdale,E12000002,North West,36563,36523,37595,1.090909090909091,0.008534942516008785,0.01686689180460979
E63003308,Warwick,E12000005,West Midlands,30678,34073,37494,1.0798605998134787,0.0068007196355465895,0.014533672749224284
E63002887,Rowley Regis,E12000005,West Midlands,32178,33882,37474,1.0985561833019462,0.004118700482035922,0.0072077258435628636
E63006509,Locks Heath,E12000008,South East,33065,35196,37456,1.1384447854279067,0.009798382988969874,0.01535512192411347
E63005045,Chippenham (Wiltshire),E12000009,South West,34500,37208,37346,1.060535358248844,0.002522998577634613,0.011747306413360475
E63005671,Tonbridge,E12000008,South East,33492,36122,37206,1.0973282442748091,0.010388617442498211,0.019565511969599
E63000789,Pudsey,E12000003,Yorkshire and The Humber,33071,33546,36921,1.081772139450263,0.005338530382071834,0.008831292280980535
E63001203,Chadderton,E12000002,North West,32846,34490,36699,1.0575906162868955,0.004950802159387625,0.00811419559825765
E63000061,Whitley Bay,E12000001,North East,36470,36445,36605,1.0299987125016092,0.002377611992256604,0.00591354777561258
E63001320,Hyde (Tameside),E12000002,North West,31768,34141,36446,1.136609655769647,0.004970043745837745,0.008650865617755172
E63001889,Hucknall,E12000004,East Midlands,33244,35901,36438,1.0704146693349466,0.010658910984192924,0.017106464485651663
E63005342,Camberley,E12000008,South East,31142,34551,36356,1.2327692480107586,0.008143038573598625,0.015165475508628633
E63002051,West Bridgford,E12000004,East Midlands,34044,35456,35909,1.0475691633731727,0.01134958844044189,0.02417041982686699
E63003695,Great Malvern,E12000005,West Midlands,34275,35145,35858,1.1556627474625667,0.0206553550065148,0.035093789308386796
E63006406,Horndean,E12000008,South East,32876,33908,35640,1.06620141514006,0.012025264613362754,0.018739297194466126
E63002300,Swadlincote,E12000004,East Midlands,33155,35273,35636,1.0964912280701753,0.016528407917898304,0.028437618391191917
E63006801,Exmouth,E12000009,South West,32972,34432,35502,1.0720302210424217,0.019652073984155024,0.03658499307742068
E63002711,Wigston,E12000004,East Midlands,34610,33900,35326,1.0303967027305512,0.004216904086080459,0.008917927204589667
E63000530,Bridlington,E12000003,Yorkshire and The Humber,35112,36689,35259,1.0425263889492202,0.015010604095003554,0.026792382595200854
E63004031,Hitchin,E12000006,East of England,30851,33601,35217,1.0803580615289639,0.00896165370480788,0.017237129127790064
E63006568,Rustington,E12000008,South East,31462,34279,34863,1.0408406026962729,0.011510546771143578,0.01916187232164135
E63003192,Bromsgrove,E12000005,West Midlands,32876,35716,34820,1.032258064516129,0.009023262154414619,0.016628115505837822
E63006474,Waterlooville,E12000008,South East,32934,33398,34623,1.1254924029262803,0.006809819507408692,0.012783873209556991
E63000864,Accrington,E12000002,North West,34326,34330,34563,1.1116404637128792,0.005116097355431904,0.008610896253156516
E63003977,Letchworth,E12000006,East of England,32932,33249,34321,1.0402532790592491,0.00896165370480788,0.017237129127790064
E63005334,Epsom,E12000008,South East,28275,32978,34004,1.0838933448948624,0.004884397953711328,0.010040947113054666
E63000298,Billingham,E12000001,North East,35290,36052,33810,1.0484091530677364,0.005516270289342337,0.008682725345593287
E63004772,Didcot,E12000008,South East,28813,30896,33796,1.0366454154356501,0.01099514522961875,0.030372126010751333
E63006541,Chichester,E12000008,South East,28939,32323,33763,1.053565487412665,0.01789023502171492,0.029684202615777106
E63004701,Billericay,E12000006,East of England,32469,32904,33757,1.0888393961890621,0.005705422783263333,0.0104193725126193
E63000551,Morecambe,E12000002,North West,34714,33930,33618,1.031251401156795,0.003849465537069461,0.009420858998275362
E63002772,Bilston (Wolverhampton),E12000005,West Midlands,25718,28081,33603,1.084667900210553,0.00373977107196676,0.00737606629896368
E63001685,Winsford,E12000002,North West,29683,30481,33560,1.0706064985814463,0.0013386760747776583,0.010161360003849203
E63000746,Nelson (Pendle),E12000002,North West,28662,29135,33479,1.084667900210553,0.008728486912871997,0.016784689852993907
E63001151,Radcliffe,E12000002,North West,30039,31088,33408,1.157675387821255,0.004196934798015591,0.007375088589652729
E63004669,Loughton,E12000006,East of England,30340,31106,33363,1.1611833010782417,0.009847241509910367,0.02406261835626815
E63004175,Dunstable,E12000006,East of England,30436,32622,33293,1.021085413794864,0.0018096754170765172,0.011820158420398515
E63004647,Abingdon-on-Thames,E12000008,South East,32232,33130,33168,1.051977239037919,0.014180693579260379,0.029203163489709725
E63005206,Whitstable,E12000008,South East,30979,32893,33057,1.122274476271911,0.014004039965730384,0.025355745033164945
E63005598,Redhill (Reigate and Banstead),E12000008,South East,28084,32959,33047,1.0949115426727367,0.009904333472726195,0.020945354031075135
E63005008,Caversham,E12000008,South East,30953,31734,33041,1.0830715910321673,0.006265039462234356,0.0096932052761399
E63000957,Pontefract,E12000003,Yorkshire and The Humber,28250,29305,32975,1.0547937600621773,0.008670039325312613,0.0142529253622907
E63003403,St Neots,E12000006,East of England,31568,35375,32750,1.084064255444959,0.011105854273339714,0.019660445343985165
E63000937,Brighouse,E12000003,Yorkshire and The Humber,31589,32694,32647,1.13716358910489,0.01692795608841231,0.026034998597988787
E63006230,Chandler's Ford,E12000008,South East,31260,33020,32617,1.1832919181161994,0.00907106873970578,0.0153661043659265
E63001715,Congleton,E12000002,North West,29992,30932,32607,1.1085791710291308,0.002337363072423578,0.014032526159800125
E63002522,Lichfield,E12000005,West Midlands,30025,32219,32567,1.027866605756053,0.009242132101518998,0.01810944988088461
E63006275,Burgess Hill,E12000008,South East,30297,31714,32485,1.0668373606443697,0.010291751227431737,0.022223476977648277
E63000873,Morley (Leeds),E12000003,Yorkshire and The Humber,27430,29622,32254,1.0725373976855772,0.005338530382071834,0.008831292280980535
E63002913,Brierley Hill,E12000005,West Midlands,30450,31708,32254,1.1111111111111112,0.00504541305717219,0.009060951073054243
E63002830,Sedgley,E12000005,West Midlands,31853,31815,32203,1.1358104819081616,0.00504541305717219,0.009060951073054243
E63000807,Fulwood,E12000002,North West,31987,31136,32152,1.0755441741357235,0.00591361318011743,0.014923044187691508
E63004759,Rayleigh,E12000006,East of England,29779,31720,32012,1.0634338278300632,0.00926742015761095,0.0157092492741601
E63005007,Windsor,E12000008,South East,27987,30761,31901,1.0556565597325671,0.010878899520371521,0.02269473775541619
E63002275,Spalding,E12000004,East Midlands,25919,31511,31862,1.0436597669159855,0.02231419980182648,0.04653267486026397
E63003267,Rushden,E12000004,East Midlands,27175,30697,31683,1.0497066995986415,0.004918036429223089,0.008070087273222698
E63005982,Barnstaple,E12000009,South West,29485,31218,31587,1.0758196721311475,0.026051243137358272,0.04992386461411445
E63001210,Prestwich,E12000002,North West,28769,29727,31335,1.0295312923327011,0.004196934798015592,0.007375088589652729
E63001118,Heywood,E12000002,North West,29240,29070,30900,1.1081301761343754,0.005400950601489601,0.008635718687789102
E63002915,Bedworth,E12000005,West Midlands,28553,30052,30758,1.0543518372080762,0.004352918940255405,0.008891239983521688
E63000316,Eston,E12000001,North East,33952,30677,30711,1.0760953112990008,0.003679958600465745,0.007050858177845499
E63005285,Ewell,E12000008,South East,26018,28938,30632,1.077731375454668,0.004884397953711328,0.010040947113054666
E63004326,Harpenden,E12000006,East of England,27686,29448,30586,1.0376276555076185,0.011448527214200728,0.02454016531097113
E63004883,Stanford-le-Hope,E12000006,East of England,30339,28971,30443,1.0429703796412182,0.0032759639858599005,0.006346351284348026
E63000726,Beverley,E12000003,Yorkshire and The Humber,28897,30333,30380,1.0709655600022545,0.015010604095003552,0.026792382595200854
E63001468,Heswall,E12000002,North West,30858,30674,30301,1.1525384659713018,0.004893777331483672,0.009268565915386448
E63000053,Cramlington,E12000001,North East,30398,29413,30078,1.1229646266142617,0.0020844539386084804,0.012516681214160158
E63003502,Stratford-upon-Avon,E12000005,West Midlands,25440,29333,29946,1.0677721248665286,0.012079731388084979,0.0317847932148986
E63001149,Cleethorpes,E12000003,Yorkshire and The Humber,31853,31365,29668,1.0469709227620996,0.005153863957969815,0.010572502288929716
E63004405,Witney,E12000008,South East,25982,27522,29630,1.054914141710133,0.018968154463402376,0.03778486657579954
E63001152,Ormskirk,E12000002,North West,25576,26028,29617,1.0408234069619522,0.008534942516008785,0.016866891804609794
E63002574,Great Yarmouth,E12000006,East of England,25028,28759,29595,1.1241899219679936,0.011452483206695297,0.02104393789230261
E63000400,Kendal,E12000002,North West,28572,29732,29584,1.0942515319521449,0.011210837598018272,0.020243455413177375
E63001825,Newark-on-Trent,E12000004,East Midlands,25376,27700,29556,1.070528967254408,0.014590265260873822,0.025336762595441643
E63004358,Hertford,E12000006,East of England,26044,28066,29418,1.1808699074985238,0.009790389724249707,0.020256234691036733
E63000161,Consett,E12000001,North East,25919,30180,29273,1.2049900765523107,0.0016529757496477077,0.00761400714453572
E63003709,Haverhill,E12000006,East of England,24673,29275,29018,1.0717347813661044,0,0.002415893288787908
E63000751,Shipley (Bradford),E12000003,Yorkshire and The Humber,26176,28139,29005,1.1281729865246004,0.00914909188540202,0.01565380379840801
E63004678,Bushey,E12000006,East of England,24605,25763,28864,1.112811239393518,0.006453071806569601,0.018785840703454636
E63002526,Burntwood,E12000005,West Midlands,29493,30026,28856,1.0309278350515465,0.009242132101518998,0.01810944988088461
E63006861,Newton Abbot,E12000009,South West,26829,27350,28803,1.1092947220924803,0.015310543975980464,0.026115057936265867
E63005546,Deal,E12000008,South East,28768,30085,28708,1.0474667842769723,0.0093836631938256,0.02030502440361867
E63006388,Totton,E12000008,South East,27986,28970,28650,1.1616532159452189,0.011529075650258914,0.016790667222189155
E63005631,Frome,E12000009,South West,26163,27979,28565,1.0405225735591652,0.022134616934788992,0.03914686474784472
E63005100,Egham,E12000008,South East,26059,26111,28521,1.1282702207178619,0.01528840362410775,0.031935206899645026
E63001172,Farnworth,E12000002,North West,25443,26584,28488,1.0873736727644876,0.00533105068162963,0.00980654758054409
E63000094,Jarrow,E12000001,North East,30252,29269,28447,1.0590549195622574,0.001446881940432897,0.002880787361220656
E63005459,Sevenoaks,E12000008,South East,25224,27673,28436,1.2096200370001422,0.013802541252759301,0.031226767156771376
E63006542,Lancing and Sompting,E12000008,South East,27257,27371,28287,1.0543255091282393,0.005584718332299126,0.010213493886997502
E63000040,Ashington (Northumberland),E12000001,North East,27459,27789,28280,1.0739781413860636,0.0020844539386084804,0.012516681214160158
E63005039,Northfleet,E12000008,South East,25803,27407,28270,1.076767164935394,0.009109636158536712,0.01423188948673749
E63005388,Larkfield,E12000008,South East,24227,26667,28268,1.1408199643493762,0.010388617442498211,0.019565511969599
E63005876,East Grinstead,E12000008,South East,25448,27993,28250,1.160092807424594,0.010291751227431738,0.02222347697764828
E63003342,Daventry,E12000004,East Midlands,24623,28132,28122,1.0888798148904315,0.0036712438527132705,0.007167731079227275
E63000945,Darwen,E12000002,North West,27495,28046,28121,1.1751608114794656,0.0035285400940454972,0.0062428017048497255
E63002901,Market Harborough,E12000004,East Midlands,22616,25941,28097,1.0375462032293625,0.02063158836414123,0.03627383836571236
E63001213,Atherton,E12000002,North West,24481,26885,28079,1.1193507765496011,0.0058669773907369235,0.009815793113901114
E63004884,Yate,E12000009,South West,26771,26403,27951,1.0568341944574917,0.00833522774913116,0.016674258065666123
E63003350,Droitwich Spa,E12000005,West Midlands,25945,26705,27756,1.080737444373808,0.013418116460974168,0.02835655420142217
E63002304,Melton Mowbray,E12000004,East Midlands,25554,27158,27728,1.050627093046162,0.023085279739272133,0.0400284126519868
E63002509,Wisbech,E12000006,East of England,23258,25693,27709,1.0372726644077173,0.041016077881713374,0.06415659608442166
E63003770,Evesham,E12000005,West Midlands,23433,24640,27691,1.0771992818671454,0.013418116460974168,0.028356554201422177
E63005746,Horley (Reigate and Banstead),E12000008,South East,24095,25150,27428,1.0688042752171008,0.009904333472726195,0.020945354031075135
E63001278,Stalybridge,E12000002,North West,24739,26421,27417,1.2112953289423878,0.004970043745837745,0.008650865617755172
E63004734,Wickford,E12000006,East of England,24378,26215,27386,1.0795492881721882,0.005705422783263333,0.010419372512619303
E63005002,Portishead,E12000009,South West,24899,25776,27255,1.1560693641618498,0.009620351279812448,0.01731371998743239
E63001241,Swinton (Salford),E12000002,North West,26061,26513,27084,1.0917731680688458,0.004582551743591308,0.007797491626147561
E63004312,Witham,E12000006,East of England,24495,25353,27047,1.0914227015921931,0.010114735935976943,0.020199368491192048
E63005383,Tadworth and Epsom Downs,E12000008,South East,24639,24999,27006,1.0820444274711987,0.009904333472726195,0.020945354031075135
E63001489,Wilmslow,E12000002,North West,23970,25244,26916,1.0778184953653804,0.0023373630724235783,0.014032526159800126
E63000283,Newton Aycliffe,E12000001,North East,26725,26945,26830,1.130077915898412,0.0016529757496477075,0.007614007144535719
E63005047,Woodley,E12000008,South East,24543,24344,26722,1.0454461595227846,0.008577548137075893,0.014293835667380106
E63002336,Rugeley,E12000005,West Midlands,24789,26224,26656,1.1476115334959116,0.007774510310674392,0.012767636099343381
E63005149,Broadstairs,E12000008,South East,25702,26333,26641,1.0278079141209389,0.013994895331031388,0.02498313540821993
E63006744,Newport (Isle of Wight),E12000008,South East,23558,25496,26383,1.116772527395826,0.0224622807669989,0.03563034748730841
E63005192,Walton-on-Thames,E12000008,South East,23710,25078,26296,1.146049709906167,0.023002616449931092,0.04077773563938227
E63001207,Little Hulton,E12000002,North West,22981,23196,26274,1.090909090909091,0.004582551743591308,0.00779749162614756
E63000651,Fleetwood,E12000002,North West,26841,25939,26222,1.0448714227665874,0.010310742487076068,0.019295953341286524
E63006386,Hedge End,E12000008,South East,23434,25646,26033,1.0807889759524452,0.007778913482757172,0.012675244203114767
E63006721,Ryde,E12000008,South East,23981,25490,25609,1.1042097998619738,0.022462280766998896,0.03563034748730841
E63004484,Stroud,E12000009,South West,24772,26254,25559,1.0878010878010878,0.01197806162373288,0.026380254766554555
E63000072,Longbenton,E12000001,North East,22502,25003,25534,1.0447956118584303,0.0023776119922566045,0.00591354777561258
E63001326,Stretford,E12000002,North West,23025,24563,25513,1.0408148093078582,0.004426617606122275,0.00959652822204262
E63001199,Orrell,E12000002,North West,23575,24847,25499,1.1143613316617913,0.006729380805118793,0.011964135088290867
E63005179,Thatcham,E12000008,South East,22824,25267,25467,1.1439902379499696,0.014592769525141897,0.025328300525153863
E63006581,Lee-on-the-Solent,E12000008,South East,24580,24937,25433,1.1448196908986836,0.007991930548283448,0.012472660500366453
E63003136,Huntingdon,E12000006,East of England,21757,24974,25429,1.0651139671944898,0.011105854273339716,0.019660445343985165
E63004541,Chesham,E12000008,South East,22613,23787,25394,1.0812369350537014,0,0.0018573596097536495
E63001294,Golborne,E12000002,North West,22950,23950,25389,1.0538888498559686,0.005938656005839126,0.009817029676691605
E63001269,Ashton-in-Makerfield,E12000002,North West,26633,26491,25382,1.0818378515973017,0.005619359827174133,0.009538455476360922
E63001318,Newton-le-Willows,E12000002,North West,22546,23244,25352,1.093693036820999,0.0041212131491636,0.008231377469509067
E63002958,Thetford,E12000006,East of England,21588,24340,25253,1.298219584569733,0.021628520922327515,0.04268442593521368
E63000936,Rawtenstall,E12000002,North West,23805,24298,25205,1.2854571942754305,0.009519892767927862,0.0174861390361299
E63005564,Ash and Ash Vale,E12000008,South East,24501,24104,25200,1.3557024233180817,0.010801458656544334,0.02110395202305558
E63004905,Bradley Stoke,E12000009,South West,22314,25117,25198,1.1004328369158536,0.00833522774913116,0.01667425806566612
E63001198,Hindley,E12000002,North West,23072,24893,25191,1.1772092293203578,0.005938656005839126,0.009817029676691605
E63000158,Chester-le-Street,E12000001,North East,25320,25641,24938,1.1903876199687524,0.0016529757496477077,0.00761400714453572
E63000267,Bishop Auckland,E12000001,North East,24989,26184,24938,1.1011789091851276,0.0016529757496477075,0.007614007144535719
E63005580,Reigate,E12000008,South East,22236,23508,24922,1.1062762740615089,0.009904333472726195,0.020945354031075135
E63002815,Coseley,E12000005,West Midlands,23798,24114,24844,1.0593220338983051,0.00504541305717219,0.00906095107305424
E63000934,Normanton (Wakefield),E12000003,Yorkshire and The Humber,22543,24910,24795,1.0895619960775769,0.008670039325312611,0.014252925362290697
E63004708,Rickmansworth,E12000006,East of England,22412,23229,24695,1.17096018735363,0.008998353144938258,0.016761638211159502
E63005161,Ascot,E12000008,South East,21938,23844,24575,1.2628540501533467,0.009402431612437537,0.019757322223760584
E63005160,Herne Bay,E12000008,South East,22638,24084,24574,1.0599208592425098,0.014004039965730386,0.025355745033164945
E63000326,Whitehaven,E12000002,North West,25086,25342,24515,1.1889035667107002,0.01582017440490219,0.02644060806033467
E63001357,Wickersley and Bramley,E12000003,Yorkshire and The Humber,23470,24456,24357,1.1270780501549733,0.006660949150020181,0.010688864283091211
E63003946,Felixstowe,E12000006,East of England,24052,23689,24332,1.0505673063454266,0,0.002787686359124856
E63005076,Ashford (Spelthorne),E12000008,South East,21560,22491,24315,1.0297247202581177,0.006095338937485844,0.011580053580697613
E63004573,Potters Bar,E12000006,East of England,22493,23454,24244,1.0751917425274173,0.006389243043135415,0.01831593917116874
E63001911,Heanor,E12000004,East Midlands,22016,23655,24199,1.1442520405828056,0.013473756508404327,0.024727698726152002
E63004343,Quedgeley and Hardwicke,E12000009,South West,21466,22982,24174,1.05318588730911,0.008447042781259394,0.01570607658692042
E63006956,St Austell,E12000009,South West,20011,22588,24094,1.0935791282612093,0.00713979116917523,0.03893770726990247
E63000346,Ingleby Barwick,E12000001,North East,21576,22624,24074,1.146788990825688,0.005516270289342337,0.008682725345593287
E63002684,Oadby,E12000004,East Midlands,22679,23849,24031,1.0293713972001097,0.004122233175015682,0.008853839949816292
E63001487,Retford,E12000004,East Midlands,21314,22350,23972,1.1046468812136387,0.015457744190580526,0.026477769628549946
E63001285,Droylsden,E12000002,North West,23172,23034,23921,1.1055424528301887,0.004970043745837745,0.008650865617755172
E63001429,Cheadle Hulme,E12000002,North West,23326,22960,23920,1.0294023032876536,0.004427645473664914,0.008344274157483917
E63006905,Newquay,E12000009,South West,21789,22713,23888,1.0893246187363834,0.007139791169175229,0.03893770726990246
E63006626,Seaford,E12000008,South East,22826,23571,23866,1.048144783732793,0.01136943055209,0.019549345281360857
E63002637,Gorleston-on-Sea,E12000006,East of England,22686,24147,23847,1.0347682119205297,0.011452483206695297,0.02104393789230261
E63006538,Shoreham-by-Sea,E12000008,South East,20677,22015,23736,1.0706638115631693,0.005584718332299126,0.010213493886997502
E63003439,Stowmarket,E12000006,East of England,20767,21644,23709,1.0782118271543502,0.026794303503373546,0.04938687304193236
E63007057,Falmouth,E12000009,South West,20775,21797,23698,1.076591817902184,0.00713979116917523,0.03893770726990246
E63001155,Formby,E12000002,North West,24996,23845,23615,1.1744386873920554,0.004527465629717853,0.007924814259127463
E63003805,Sudbury,E12000006,East of England,19933,21971,23573,1.0844418739155581,0.015366939464425714,0.03340485539012604
E63000323,Thornaby-on-Tees,E12000001,North East,22620,24741,23353,1.1268028846153846,0.005516270289342337,0.008682725345593287
E63006998,Truro,E12000009,South West,21016,23396,23307,1.0866190624029806,0.00713979116917523,0.03893770726990247
E63000090,Hebburn,E12000001,North East,20902,20567,23265,1.0340497821109387,0.001446881940432897,0.0028807873612206564
E63001173,Whitefield,E12000002,North West,22565,22566,23165,1.1010790574763267,0.004196934798015591,0.007375088589652729
E63006040,Crowborough,E12000008,South East,21303,22371,23165,1.1869978086194302,0.014476899188708333,0.027447089924682998
E63002748,March,E12000006,East of England,19042,22298,22964,1.0320805022791777,0.04172777938388634,0.06495173106919178
E63002092,Clifton (Nottingham),E12000004,East Midlands,22312,22407,22940,1.1333585190782018,0.0032078484643156464,0.0077723200677251355
E63004443,Maldon,E12000006,East of England,20551,21264,22724,1.10062893081761,0.018500684345381026,0.03196169691256154
E63001179,Westhoughton,E12000002,North West,21801,22329,22630,1.0655301012253595,0.005331050681629629,0.009806547580544089
E63001845,Nantwich,E12000002,North West,21320,22312,22571,1.0466409367436382,0.0023373630724235783,0.014032526159800125
E63006464,Hailsham,E12000008,South East,20048,20749,22549,1.0823347506764591,0.014476899188708335,0.027447089924682994
E63001305,Old Trafford,E12000002,North West,18630,21698,22548,1.042836515321675,0.004426617606122275,0.00959652822204262
E63000727,Bingley,E12000003,Yorkshire and The Humber,20028,22407,22545,1.1784969631039797,0.009149091885402022,0.015653803798408014
E63001306,Chapeltown and High Green,E12000003,Yorkshire and The Humber,23082,23056,22545,1.1231748408835642,0.005471796068735498,0.009977981066517674
E63003740,Biggleswade,E12000006,East of England,20397,21935,22529,1.0490034467256106,0.001809675417076517,0.011820158420398515
E63004897,South Ockendon,E12000006,East of England,19215,21114,22442,1.1419536191145467,0.0032759639858599005,0.006346351284348025
E63005450,Caterham,E12000008,South East,19136,21090,22412,1.1753183153770812,0.014175681144054505,0.025653008947530212
E63005478,Great Bookham and Fetcham,E12000008,South East,21308,22082,22401,1.154823312033259,0.013766876126683309,0.027732356080854243
E63004012,Harwich,E12000006,East of England,20797,21198,22368,1.1313201636063006,0.011209839828495946,0.025039880466872146
E63002598,Brownhills,E12000005,West Midlands,21013,21558,22366,1.109701965757768,0.004696489768758515,0.008367085177730079
E63001339,Reddish,E12000002,North West,22137,21701,22310,1.028030978000137,0.004427645473664914,0.008344274157483917
E63006416,Tiverton,E12000009,South West,19945,22757,22295,1.1113960844661024,0.02148541814452331,0.03828701513354054
E63003664,Kempston,E12000006,East of England,22124,22220,22265,1.1125945705384956,0.0014886566901173178,0.007689392016291468
E63000168,Seaham,E12000001,North East,22854,22690,22262,1.1026168773890033,0.0016529757496477077,0.00761400714453572
E63001142,Royton,E12000002,North West,22409,22619,22222,1.09217999126256,0.004950802159387626,0.008114195598257651
E63001095,Horwich,E12000002,North West,20260,20507,22123,1.15769453402795,0.005331050681629629,0.00980654758054409
E63000268,Workington,E12000002,North West,21381,22243,22114,1.1185682326621924,0.015354770442654753,0.027981894068543886
E63004963,Chafford Hundred and West Thurrock,E12000006,East of England,17467,20806,22061,1.124859392575928,0.003275963985859901,0.006346351284348026
E63003152,Kenilworth,E12000005,West Midlands,21706,21908,22036,1.0461814377522045,0.00680071963554659,0.014533672749224284
E63001384,Gainsborough,E12000004,East Midlands,18026,19833,21919,1.1282437006393382,0.024711856597055482,0.04323023431820404
E63001795,Kirkby-in-Ashfield,E12000004,East Midlands,19585,20672,21826,1.0813508567626018,0.010658910984192924,0.017106464485651663
E63007022,Camborne,E12000009,South West,19110,19928,21675,1.0772290354656944,0.007139791169175229,0.03893770726990247
E63004435,Berkhamsted,E12000006,East of England,19159,20828,21625,1.0846827303013868,0.010427183390807228,0.020748255688763637
E63000859,Rothwell (Leeds),E12000003,Yorkshire and The Humber,21001,21261,21439,1.1015815563773703,0.0053385303820718336,0.008831292280980533
E63002757,Darlaston,E12000005,West Midlands,16925,18732,21414,1.0377358490566038,0.004644941064300546,0.00826365046017661
E63005103,Clevedon,E12000009,South West,21957,21281,21388,1.09838380668445,0.009620351279812448,0.017313719987432395
E63006736,Dorchester (Dorset),E12000009,South West,19036,20429,21359,1.0472770795930582,0,0.003728324170391425
E63001517,Dronfield,E12000004,East Midlands,21330,21261,21178,1.0791644184074618,0.012116776400363872,0.02430506834440611
E63002408,Coalville,E12000004,East Midlands,17475,19295,21148,1.0839129256616384,0.009988880362226204,0.025157596322862172
E63000979,Ossett,E12000003,Yorkshire and The Humber,20241,20455,21124,1.0609275538041831,0.008670039325312613,0.014252925362290699
E63001717,Skegness,E12000004,East Midlands,19991,20740,21121,1.1378555798687089,0.018933955564604903,0.03473948937130961
E63005130,Sunbury-on-Thames,E12000008,South East,18338,19406,21113,1.098800476146873,0.006095338937485842,0.011580053580697611
E63001254,Failsworth,E12000002,North West,20555,20227,21056,1.1042751222590315,0.004950802159387625,0.00811419559825765
E63001297,Dukinfield,E12000002,North West,20345,20648,20890,1.0768402430582262,0.004970043745837746,0.008650865617755174
E63002445,Dereham,E12000006,East of England,17371,20277,20867,1.1306403535820742,0.021628520922327515,0.04268442593521368
E63001708,Mansfield Woodhouse,E12000004,East Midlands,19157,20229,20795,1.055451814565235,0.007631063321966039,0.012996348202577121
E63005105,Staines-upon-Thames,E12000008,South East,19982,21042,20781,1.1290602744484974,0.006791866174049217,0.013122294299584586
E63004689,Hazlemere,E12000008,South East,20881,21074,20773,1.1524530786960818,0,0.0018573596097536495
E63002557,Stamford,E12000004,East Midlands,19525,19701,20756,1.023219205037387,0.017690976262483706,0.02783839771174384
E63006226,Romsey,E12000008,South East,20721,20994,20749,1.1232349165596918,0.01198605579420531,0.021436444983189213
E63005680,Farnham,E12000008,South East,17462,18941,20654,1.1746634137525978,0.012396115825387105,0.027915317994926078
E63003157,Stourport-on-Severn,E12000005,West Midlands,19713,20292,20652,1.1642486118574245,0.008699542340441922,0.014888616043182699
E63005096,Calne,E12000009,South West,17848,19856,20614,1.0341261633919339,0.002522998577634613,0.011747306413360475
E63006115,Bideford,E12000009,South West,16722,18771,20557,1.1160714285714286,0.03483318992471162,0.06384489016436974
E63002782,Wednesbury,E12000005,West Midlands,17921,19191,20453,1.0471204188481675,0.004118700482035922,0.0072077258435628636
E63005320,Faversham,E12000008,South East,17710,19316,20441,1.0797192729890228,0.009682237758073286,0.017005002750180763
E63000199,Peterlee,E12000001,North East,21862,20164,20330,1.2087330966231018,0.0016529757496477077,0.007614007144535719
E63000232,Spennymoor,E12000001,North East,19868,20599,20322,1.093171880255634,0.0016529757496477077,0.007614007144535719
E63005312,Devizes,E12000009,South West,19362,20459,20307,1.0766045548654244,0.002522998577634613,0.011747306413360475
E63001599,Buxton (High Peak),E12000004,East Midlands,20577,21347,20276,1.2035922599759283,0.010040342686188294,0.016533702008068536
E63001334,Irlam,E12000002,North West,19125,20067,20255,1.1097831654430594,0.004582551743591308,0.007797491626147561
E63005306,Sandhurst (Bracknell Forest),E12000008,South East,20671,20495,20216,1.2885490937204707,0.004946527182595741,0.010892352785917893
E63000930,Goole,E12000003,Yorkshire and The Humber,17269,19231,20204,1.0420613868889732,0.015010604095003554,0.02679238259520085
E63004576,Cirencester,E12000009,South West,17961,18998,20203,1.1006688680044028,0.017603440494686873,0.0364903425371469
E63006508,Hythe and Dibden Purlieu,E12000008,South East,19930,20526,20173,1.141352063213345,0.011529075650258914,0.016790667222189155
E63004592,Waltham Abbey,E12000006,East of England,18247,18913,20081,1.1419870574800153,0.009847241509910365,0.024062618356268148
E63005610,Dorking,E12000008,South East,18442,19570,20072,1.2428793371310203,0.01408696302016516,0.02844794300447146
